site,title,published_date,published_time
BBC Arabic,وزارة الدفاع السورية تعلن وقف إطلاق النار في السويداء بعد دخول القوات الحكومية وسط اشتباكات وقصف إسرائيلي,2025-07-15,12:56
BBC Arabic,من هم دروز سوريا؟ ومن أبرز قادتهم؟,2025-07-15,10:43
BBC Arabic,الجيش الإسرائيلي يأمر سكان غزة وجباليا بالإخلاء، وحماس تتهم نتنياهو بإفشال المفاوضات,2025-07-15,11:26
BBC Arabic,"بي بي سي أمام أزمتي ""والاس"" و""وثائقي غزة""... هل  تنجح في تجاوزهما؟",2025-07-15,13:42
BBC Arabic,"""أخيراً، ترامب يتوصل إلى الطريق لإيقاف آلة الحرب الروسية"" - مقال رأي في التلغراف",2025-07-15,12:11
BBC Arabic,"خلاف بين نتنياهو والجيش بسبب ""المدينة الإنسانية"" في غزة: فماذا وراء ذلك؟",2025-07-14,18:19
BBC Arabic,ماذا نعرف عن قرار السماح للأجانب بتملُّك العقارات في السعودية؟,2025-07-14,16:39
BBC Arabic,أكبر رئيس في العالم يسعى لولاية ثامنة,2025-07-14,14:55
BBC Arabic,دولة جديدة تلوح في الأفق، ماذا نعرف عن استقلال كاليدونيا الجديدة وعن الوجود العربي فيها؟,2025-07-14,12:27
BBC Arabic,5 أسئلة لفهم سبب الاشتباكات في السويداء,2025-07-15,14:08
BBC Arabic,ماذا يحدث في محافظة السويداء جنوبي سوريا؟,2025-07-14,17:23
BBC Arabic,ما هي الدول التي تمتلك الأسلحة النووية؟ وكيف حصلت عليها؟,2025-07-13,11:19
BBC Arabic,"بعد شهر من ""مادلين""، أسطول الحرية يطلق ""حنظلة"" إلى غزة",2025-07-13,09:38
BBC Arabic,ماذا نعرف عن الصندوق الأسود الموجود في الطائرة؟,2025-07-12,15:29
BBC Arabic,سوريا: هل تتحول السويداء إلى ساحة تصفية حسابات إقليمية؟,2025-07-15,13:50
BBC Arabic,مفاوضات غزة تدخل أسبوعها الثاني، واستقالة أعضاء اللجنة الأممية بشأن إسرائيل والأراضي الفلسطينية,2025-07-15,05:14
BBC Arabic,ما الذي عطّل الإعلان عن وقف إطلاق النار بين حماس وإسرائيل؟,2025-07-13,16:07
BBC Arabic,"""كانوا مجرد أطفال"": أم تنعى أولادها الذين قُتلوا في غارة إسرائيلية أثناء انتظارهم المساعدات",2025-07-12,20:03
BBC Arabic,متعاقد أمني سابق في مؤسسة غزة الإنسانية لبي بي سي:  زملائي فتحوا النار على فلسطينيين جوعى,2025-07-03,23:28
BBC Arabic,"العفو الدولية تتهم ""مؤسسة غزة الإنسانية"" بالعمل كـ""أداة في حملة إبادة ضد الفلسطينيين""",2025-07-03,19:41
BBC Arabic,طبيبة جزائرية تكشف سر الفروقات في تكاليف الولادة بين الذكور والإناث ومطالب بالتحقيق مع العيادات الخاصة,2025-07-14,16:39
BBC Arabic,ترامب يخطف الأضواء بعد فوز تشيلسي على باريس سان جيرمان,2025-07-14,16:35
BBC Arabic,اشتباكات السويداء…دروز يطالبون بحماية دولية وعناصر الأمن السورية تتدخل,2025-07-14,16:26
BBC Arabic,ما مدى جدية الدعوات الغربية بالاعتراف بدولة فلسطينية؟,2025-07-13,13:45
BBC Arabic,مليكة العاصمي في بلا قيود:  الديمقراطية تعيش أزمة حتى في الدول الغربية,2025-07-11,17:10
BBC Arabic,محمد ياسين صالح.. انتقادات لوزير الثقافة السوري بعد حديثه عن العلويين,2025-07-11,16:29
BBC Arabic,"شيرين عبد الوهاب.. هل مُنعت الفنانة المصرية من لقاء فضل شاكر لتسجيل ""حدوتة""؟",2025-07-11,16:20
BBC Arabic,الشيخة مهرة.. ظهور ابنة حاكم دبي مع مغني الراب الأمريكي فرنش مونتانا.. ما طبيعة العلاقة بينهما؟,2025-07-11,16:15
BBC Arabic,صينية استخدمت أجهزة متطورة للاحتيال الإلكتروني في سلطنة عمان تقع في قبضة الشرطة,2025-07-11,16:05
BBC Arabic,هل تصمَم المنتجات كي لا تدوم طويلاً؟,2025-07-12,05:01
BBC Arabic,"رئاسة البيت الأبيض أم ""استيطان"" المريخ؟ طموحات إيلون ماسك تتجاوز حدود الدستور والجاذبية",2025-07-11,03:53
BBC Arabic,ما جائزة نوبل للسلام التي يرى ترامب أنه أهلٌ لنيلها؟,2025-07-08,22:57
BBC Arabic,هل تأثرت حصة مصر من مياه النيل بعد إعلان اكتمال سد النهضة؟,2025-07-08,04:00
BBC Arabic,نسخة منك في المستقبل ستتوسل إليك: لماذا لا نستمتع بلحظاتنا الحاضرة؟,2025-07-06,02:09
BBC World,"I'm 'disappointed but not done' with Putin, Trump tells BBC",2025-07-15,09:06
BBC World,'Not our war' - Trump's Nato weapons deal for Ukraine sparks MAGA anger,2025-07-15,09:38
BBC World,Thousands of Afghans moved to UK under secret scheme,2025-07-15,13:58
BBC World,Israel bombs Syrian forces entering Druze city after sectarian clashes,2025-07-15,12:29
BBC World,"Aid workers 'executed' in Ethiopia's Tigray war, charity says",2025-07-15,09:42
BBC World,Fourteen people arrested after anti-migrant riots in southern Spain,2025-07-15,14:12
BBC World,Beyoncé's unreleased music stolen from car during Cowboy Carter tour,2025-07-15,08:40
BBC World,Ukrainians unimpressed by Trump's 50-day ultimatum to Putin,2025-07-15,12:36
BBC World,Trump imposes 17% tariff on Mexican tomatoes,2025-07-15,11:01
BBC World,Gaza father's outrage after Israeli strike kills son 'searching for sip' at water point,2025-07-14,20:35
BBC World,World's 'oldest' marathon runner dies at 114 in hit-and-run,2025-07-15,09:05
BBC World,Indigenous elders lose landmark climate battle against Australian government,2025-07-15,11:29
BBC World,'Heart-breaking': Locals and visitors devastated by loss of Grand Canyon Lodge,2025-07-14,18:39
BBC World,China growth beats expectations as Trump tariffs loom,2025-07-15,04:30
BBC World,How Trump woke me up for surprise interview  - and the key takeaways,2025-07-15,10:42
BBC World,"As theories swirl about Air India crash, key details remain unknown",2025-07-15,06:42
BBC World,Rosenberg: Russia more relieved than rattled by US tariff threat,2025-07-14,21:00
BBC World,Gaza father's outrage after Israeli strike kills son 'searching for sip' at water point,2025-07-14,20:35
BBC World,Trump weapons pledge marks major step forward for Ukraine,2025-07-14,20:05
BBC World,India can't wish away coal - but can it be made cleaner?,2025-07-14,23:20
BBC World,The 'strongman' PM who inspired Trump's playbook - but now finds his power crumbling,2025-07-13,23:05
BBC World,Watch: Flash flooding sweeps through New York City subways,2025-07-15,10:01
BBC World,Watch: How do you get a phone call with the president?,2025-07-15,12:02
BBC World,Motorists rescued as new flash flood warnings hit Central Texas,2025-07-14,20:25
BBC World,Watch: Was Lady Gaga's Rio concert really attended by 2.1m people?,2025-07-13,17:08
BBC World,Watch: What we know about the fuel switches on Air India flight 171,2025-07-11,22:53
